{
  "project_info": {
    "project_number": "900496988354",
    "firebase_url": "https://project-607015354324215237.firebaseio.com",
    "project_id": "project-607015354324215237",
    "storage_bucket": "project-607015354324215237.appspot.com"
  },
  "client": [
    {
      "client_info": {
        "mobilesdk_app_id": "1:900496988354:android:1644a6d028940a32",
        "android_client_info": {
          "package_name": "com.kevintcoughlin.smodr"
        }
      },
      "oauth_client": [
        {
          "client_id": "900496988354-18h7414j7gncvs4sivngmlrqo9r7il7p.apps.googleusercontent.com",
          "client_type": 1,
          "android_info": {
            "package_name": "com.kevintcoughlin.smodr",
            "certificate_hash": "6a153bdc8a927d40b61acec9f317bad6b69ea7fb"
          }
        },
        {
          "client_id": "900496988354-7p5douau668okaqbgicmif8ele2ug4r4.apps.googleusercontent.com",
          "client_type": 3
        }
      ],
      "api_key": [
        {
          "current_key": "AIzaSyAcMwZX8aklYGOAqpvs26w-M7gYXgyfr04"
        }
      ],
      "services": {
        "analytics_service": {
          "status": 1
        },
        "appinvite_service": {
          "status": 2,
          "other_platform_oauth_client": [
            {
              "client_id": "900496988354-7p5douau668okaqbgicmif8ele2ug4r4.apps.googleusercontent.com",
              "client_type": 3
            }
          ]
        },
        "ads_service": {
          "status": 2
        }
      },
      "admob_app_id": "ca-app-pub-6967310132431626~6673311196"
    }
  ],
  "configuration_version": "1"
}